Time (s),Value A
0.05649447441101074,9.11
0.10596632957458496,6.48
0.15613031387329102,6.85
0.20602178573608398,12.44
0.25611400604248047,10.58
0.30624938011169434,13.3
0.35644984245300293,7.68
0.4058995246887207,11.48
0.45555615425109863,9.05
0.5062384605407715,11.35
0.5562231540679932,12.24
0.606436014175415,10.29
0.6563863754272461,11.53
0.7055671215057373,9.89
0.7559449672698975,10.44
0.8061444759368896,8.94
0.856459379196167,11.91
0.9056663513183594,11.31
0.956449031829834,12.8
1.0063509941101074,10.9
1.0556633472442627,9.32
1.1059644222259521,12.88
1.156202793121338,10.39
1.2060983180999756,8.48
1.2562782764434814,12.4
1.305593490600586,11.95
1.355792760848999,9.21
1.4061250686645508,11.0
1.456244707107544,10.9
1.5056235790252686,9.05
1.5558135509490967,10.09
1.6057567596435547,12.48
1.6559534072875977,10.04
1.7058706283569336,9.59
1.7560415267944336,14.52
1.8058850765228271,12.72
1.856088638305664,7.93
1.9058597087860107,12.48
1.956333875656128,8.12
2.005701780319214,8.36
2.055957555770874,6.78
2.106006622314453,12.4
2.1562440395355225,8.18
2.2057390213012695,6.48
2.25589919090271,13.92
2.306481122970581,8.48
2.355849027633667,5.47
2.406111240386963,8.88
2.4559009075164795,9.48
2.5060572624206543,6.78
2.5558502674102783,6.4
2.60619854927063,9.05
2.656332015991211,9.16
2.705500364303589,11.35
2.7563445568084717,10.72
2.8057117462158203,10.34
2.8559622764587402,6.55
2.9059484004974365,12.4
2.9564285278320312,13.82
3.005903482437134,8.48
3.0560929775238037,6.78
3.1057629585266113,7.28
3.1560070514678955,9.69
3.2059760093688965,7.61
3.2561583518981934,10.29
3.305732250213623,6.78
3.355884075164795,8.06
3.406491279602051,11.83
3.455854654312134,11.0
3.5060672760009766,6.63
3.556412935256958,11.04
3.6055688858032227,13.03
3.6562154293060303,8.3
3.7058498859405518,8.06
3.7560598850250244,10.86
3.805835008621216,10.86
3.8560352325439453,9.43
3.905891180038452,7.14
3.9563956260681152,6.78
4.005773305892944,7.68
4.055943727493286,7.34
4.105740308761597,4.58
4.1559202671051025,7.68
4.205929279327393,11.44
4.256094932556152,9.21
4.305746078491211,9.16
4.3559041023254395,14.69
4.405766248703003,7.07
4.455928325653076,8.0
4.505934476852417,6.32
4.556100368499756,12.64
4.605756998062134,8.18
4.655946731567383,11.13
4.705933094024658,8.83
4.756111145019531,10.67
4.805884838104248,8.0
4.8560991287231445,10.04
4.905870199203491,12.2
4.956363677978516,10.0
5.00586724281311,8.6
5.056057929992676,7.21
5.105568885803223,13.63
5.15576958656311,8.42
5.206275224685669,9.84
5.256459951400757,8.24
5.305877208709717,7.34
5.356069803237915,8.88
5.405900001525879,11.74
5.456101655960083,9.05
5.505892992019653,5.09
5.556066513061523,7.68
5.6055707931518555,12.6
5.6557745933532715,7.81
5.706374645233154,7.87
5.755884170532227,10.58
5.806069612503052,10.63
5.855560302734375,12.76
5.905754804611206,8.3
5.955874681472778,4.0
6.006167650222778,10.29
6.0561628341674805,12.84
6.1064043045043945,7.41
6.155931234359741,7.0
6.206106901168823,7.14
6.255930185317993,3.0
6.30624794960022,6.78
6.356286525726318,6.08
6.405489206314087,10.09
6.456091403961182,5.38
6.50583553314209,10.0
6.556098461151123,9.43
6.605892658233643,13.26
6.656065940856934,9.27
6.705797433853149,9.27
6.75596022605896,11.95
6.806424617767334,14.24
6.855628252029419,10.0
6.906504392623901,10.34
6.9561450481414795,13.03
7.006443500518799,15.19
7.0559258460998535,8.0
7.106199264526367,8.48
7.155904054641724,13.92
7.2060582637786865,12.64
7.255882740020752,4.0
7.306039094924927,9.38
7.355638265609741,9.0
7.405801057815552,11.13
7.456333637237549,6.48
7.50583028793335,10.09
7.556077480316162,11.53
7.60590386390686,7.54
7.656067609786987,6.78
7.7058539390563965,11.04
7.756009101867676,5.91
7.805851221084595,7.07
7.8560569286346436,9.48
7.906494855880737,9.94
7.955979585647583,4.79
8.005850315093994,4.69
8.05601191520691,7.93
8.105626106262207,5.29
8.155803680419922,12.16
8.206488132476807,10.77
8.255922079086304,4.35
8.306159973144531,8.94
8.356348991394043,7.07
8.405514478683472,6.0
8.45644211769104,10.19
8.505841970443726,10.9
8.556000471115112,12.0
8.605862379074097,11.91
8.656022787094116,1.41
8.705803394317627,4.89
8.755967140197754,8.24
8.805552005767822,10.14
8.855747938156128,1.41
8.906304359436035,7.61
8.956133842468262,10.14
9.006461143493652,7.41
9.05589246749878,10.67
9.10607647895813,7.48
9.155862092971802,10.14
9.206032037734985,7.14
9.255873680114746,12.84
9.306060075759888,5.91
9.35587739944458,9.27
9.406048774719238,6.4
9.455967664718628,13.07
9.506189823150635,6.0
9.55588674545288,9.05
9.60606861114502,7.14
9.655893802642822,9.05
9.706053733825684,5.09
9.755874395370483,7.34
9.80602478981018,7.21
9.85588788986206,3.87
9.906044244766235,10.29
9.956239938735962,8.94
10.006434202194214,9.43
10.055908441543579,8.0
10.106102228164673,10.72
10.155844688415527,8.83
10.205998182296753,4.24
10.25584888458252,5.29
10.306035280227661,8.24
10.35590672492981,6.92
10.40607500076294,8.42
10.455864191055298,7.74
10.506027936935425,12.12
10.555944681167603,4.89
10.60612416267395,7.21
10.65601921081543,9.74
10.706197261810303,13.07
10.755881786346436,6.24
10.806035041809082,10.72
10.85601258277893,5.47
10.906173467636108,9.84
10.956209421157837,7.81
11.006466388702393,5.47
11.056024074554443,11.91
11.106214046478271,10.39
11.155903816223145,5.0
11.206063270568848,8.66
11.255905628204346,9.43
11.30605673789978,7.48
11.355992555618286,8.36
11.406148672103882,9.43
11.455905199050903,8.42
11.506062746047974,13.3
11.555978298187256,6.08
11.606166362762451,4.47
11.65591549873352,2.44
11.706090211868286,7.14
11.75590205192566,13.22
11.806062936782837,3.16
11.856005668640137,1.73
11.906178712844849,9.53
11.956221342086792,10.39
12.006412029266357,9.21
12.056034803390503,1.73
12.106217384338379,5.56
12.155816793441772,8.3
12.205971240997314,8.42
12.255886793136597,7.28
12.30605173110962,7.87
12.355884552001953,11.4
12.406050682067871,3.74
12.455885410308838,7.0
12.506043910980225,10.14
12.555912971496582,7.48
12.606097221374512,13.26
12.655868291854858,2.0
12.706056118011475,4.58
12.755835771560669,10.95
12.805988788604736,11.04
12.855983972549438,8.3
12.906144618988037,6.0
12.956144094467163,9.43
13.006322145462036,9.16
13.056024312973022,11.78
13.10620927810669,5.29
13.155852556228638,9.11
13.20601487159729,10.77
13.255637884140015,7.34
13.305796384811401,10.58
13.35643458366394,7.61
13.405734300613403,1.73
13.456014156341553,12.64
13.505887746810913,2.44
13.556078433990479,6.4
13.605995416641235,1.41
13.656205892562866,5.29
13.705813646316528,7.34
13.755993127822876,7.74
13.805773258209229,6.85
13.855988502502441,4.0
13.905781507492065,11.31
13.956276655197144,1.73
14.005867958068848,8.66
14.056089401245117,7.74
14.105805158615112,9.05
14.15596628189087,11.61
14.205926656723022,4.24
14.256128787994385,8.83
14.305977582931519,12.32
14.35617971420288,1.41
14.405925989151001,4.69
14.456122875213623,9.05
14.505888223648071,5.38
14.55606746673584,9.74
14.60593867301941,9.05
14.656139135360718,9.64
14.705889701843262,6.55
14.756096124649048,8.54
14.80585527420044,8.42
14.856056690216064,7.28
14.905869960784912,3.87
14.956360340118408,12.2
15.00572681427002,1.41
15.055904388427734,2.64
15.105772018432617,4.69
15.155937671661377,13.19
15.205893993377686,8.77
15.256071090698242,7.07
15.305824279785156,7.61
15.355980157852173,12.04
15.405729055404663,11.95
15.455890417098999,11.22
15.50582504272461,2.0
15.555999279022217,6.08
15.60584282875061,2.44
15.656020879745483,9.64
15.706487655639648,1.73
15.755642175674438,9.32
15.806187152862549,9.69
15.855918407440186,8.83
15.906076908111572,9.84
15.956494808197021,6.16
16.005640745162964,9.05
16.05627179145813,12.28
16.105786323547363,5.0
16.15594744682312,6.0
16.206336498260498,5.0
16.25549840927124,5.19
16.306432485580444,13.22
16.35586667060852,2.23
16.40602159500122,8.54
16.456308841705322,4.0
16.505467414855957,7.93
16.556273460388184,6.48
16.605841398239136,8.42
16.65600609779358,10.53
16.706172227859497,8.18
16.7563316822052,5.47
16.80584192276001,10.58
16.85611343383789,5.29
16.90580701828003,7.68
16.956229209899902,4.89
17.006406545639038,3.6
17.055570602416992,3.74
17.106229066848755,6.24
17.155845880508423,5.91
17.20600128173828,6.92
17.25552725791931,9.64
17.30568265914917,10.24
17.35631775856018,5.91
17.40584707260132,13.07
17.456003427505493,2.0
17.506208658218384,6.32
17.556374311447144,6.0
17.605897903442383,9.53
17.65616750717163,7.28
17.705873250961304,7.74
17.756032466888428,4.24
17.80552649497986,11.35
17.855713605880737,9.32
17.906250953674316,1.73
17.956177711486816,6.16
18.00638461112976,13.92
18.055912971496582,8.36
18.1060733795166,9.38
18.155614852905273,8.48
18.20577311515808,6.4
18.256407022476196,3.16
18.30584692955017,10.34
18.35599994659424,5.0
18.406111001968384,9.43
18.4562931060791,3.87
18.505854845046997,12.48
18.556021451950073,6.85
18.605909824371338,6.0
18.65608310699463,11.26
18.70586585998535,12.32
18.756027936935425,9.43
18.80589985847473,13.26
18.856083154678345,2.0
18.905861854553223,7.14
18.956334114074707,13.3
19.00607395172119,5.29
19.05630660057068,5.91
19.10598587989807,5.29
19.15615963935852,12.0
19.205868005752563,6.92
19.25603151321411,2.0
19.30588698387146,2.23
19.35604691505432,11.09
19.405893325805664,6.78
19.45607018470764,6.7
19.505877256393433,1.41
19.556036472320557,10.34
19.60553765296936,6.48
19.655710220336914,8.0
19.706161499023438,8.24
19.756332397460938,9.11
19.805856227874756,3.6
19.856021881103516,11.18
19.90559482574463,11.4
19.95606780052185,5.91
20.005955934524536,11.18
20.056134700775146,14.31
20.105960845947266,9.64
20.15613079071045,1.73
20.20591926574707,9.43
20.256075620651245,12.56
20.305873155593872,4.69
20.356045722961426,6.08
20.405921936035156,8.83
20.456083297729492,6.78
20.50594186782837,7.87
20.556103706359863,7.74
20.605977058410645,10.04
20.656161785125732,10.29
20.705958604812622,7.48
20.75612163543701,11.74
20.80594778060913,11.91
20.856137990951538,6.08
20.90565776824951,8.54
20.956141471862793,5.56
21.005796432495117,5.74
21.055956602096558,6.48
21.106467723846436,11.78
21.155913591384888,6.63
21.20615792274475,7.0
21.25588607788086,7.07
21.30604910850525,5.0
21.355987071990967,10.48
21.40616488456726,8.3
21.45632314682007,13.19
21.50553297996521,5.0
21.55616521835327,9.43
21.605912685394287,11.87
21.656171083450317,8.18
21.70648193359375,1.41
21.75563931465149,8.83
21.806201219558716,8.3
21.855940103530884,4.58
21.906198740005493,6.7
21.95621347427368,7.74
22.006350994110107,6.48
22.05589723587036,5.91
22.10605502128601,9.89
22.155633687973022,8.12
22.20579171180725,6.55
22.25645136833191,8.94
22.305856466293335,6.16
22.356098651885986,12.76
22.406221866607666,1.41
22.4563889503479,9.21
22.505861520767212,7.0
22.556023120880127,12.52
22.60588788986206,9.89
22.65606427192688,5.29
22.705873012542725,7.41
22.756025314331055,11.35
22.80582284927368,2.0
22.855989933013916,6.85
22.905545949935913,9.53
22.956033945083618,3.46
23.005861520767212,5.83
23.056039094924927,2.0
23.106485843658447,4.89
23.15564775466919,10.9
23.206162452697754,13.22
23.255855798721313,10.86
23.306013584136963,1.73
23.355904579162598,5.19
23.40605854988098,6.63
23.45554208755493,9.79
23.50570297241211,3.0
23.556306838989258,7.14
23.605911254882812,3.87
23.656158447265625,8.6
23.706326484680176,1.73
23.755486249923706,4.89
23.8061044216156,4.47
23.85592532157898,11.87
23.906171083450317,7.0
23.95622968673706,8.66
24.00643301010132,8.06
24.055930137634277,5.09
24.106090784072876,8.3
24.1558039188385,8.24
24.20596408843994,8.06
24.2556471824646,8.88
24.305819749832153,11.61
24.355962991714478,8.94
24.406135320663452,11.74
24.455927848815918,6.63
24.506094694137573,8.24
24.555889129638672,7.81
24.60604739189148,12.12
24.655614376068115,8.48
24.705772161483765,9.43
24.75638461112976,4.0
24.805847883224487,12.88
24.85610270500183,12.76
24.906270742416382,6.48
24.956751585006714,3.0
25.005870819091797,13.82
25.056039810180664,5.09
25.105581283569336,1.73
25.155754327774048,6.24
25.20555353164673,12.84
25.25571370124817,5.09
25.306385278701782,8.42
25.355902194976807,8.71
25.406141996383667,2.64
25.455652952194214,8.83
25.505821228027344,9.53
25.555598258972168,8.94
25.605759143829346,6.24
25.65630340576172,7.41
25.70590353012085,10.63
25.756141662597656,13.07
25.8063805103302,3.16
25.855551958084106,7.87
25.906184673309326,9.74
25.95591115951538,10.63
26.006219387054443,11.53
26.055959939956665,10.09
26.106127977371216,2.0
26.155896425247192,10.95
26.2060706615448,12.12
26.25572657585144,8.88
26.306175470352173,5.74
26.35596799850464,11.53
26.406153202056885,9.53
26.45591139793396,6.0
26.506069660186768,6.4
26.555904865264893,5.65
26.60607624053955,10.67
26.65571880340576,11.04
26.705894231796265,8.24
26.75635027885437,7.93
26.805506944656372,6.0
26.856296062469482,9.38
26.905995845794678,8.88
26.956512928009033,8.77
27.005854845046997,6.48
27.056020975112915,8.18
27.105528354644775,8.0
27.15570044517517,1.0
27.206199645996094,9.27
27.256360054016113,4.79
27.305902242660522,10.04
27.35606288909912,11.95
27.40589451789856,1.73
27.4560763835907,7.41
27.50602102279663,7.21
27.556179523468018,1.73
27.605924606323242,10.29
27.656099319458008,1.73
27.70562434196472,6.32
27.755794048309326,15.23
27.806378841400146,8.36
27.855544328689575,1.41
27.906176567077637,10.39
27.95618987083435,8.0
28.006449222564697,6.32
28.05557870864868,14.79
28.105733156204224,1.73
28.156229734420776,2.44
28.206392288208008,8.24
28.255927801132202,13.41
28.30608606338501,11.53
28.355958700180054,9.84
28.4061176776886,5.47
28.455756664276123,7.07
28.505924463272095,5.47
28.55567955970764,9.11
28.60584259033203,1.73
28.65574550628662,8.88
28.70590829849243,5.29
28.756462812423706,10.34
28.80591607093811,11.74
28.856171131134033,5.74
28.9059100151062,7.54
28.95639419555664,8.36
29.005892753601074,12.28
29.056055307388306,11.0
29.105931520462036,4.58
29.156100749969482,5.38
29.205559730529785,13.0
29.255722045898438,12.16
29.305596828460693,7.93
29.355753421783447,10.19
29.406339645385742,8.66
29.456029415130615,10.63
29.506187438964844,10.9
29.5564067363739,9.94
29.605566024780273,3.74
29.656363010406494,8.66
29.70591139793396,9.84
29.756061792373657,1.73
29.806429147720337,10.53
29.85559582710266,7.54
29.906291961669922,8.0
29.956251621246338,9.05
30.005517721176147,7.14
30.056277990341187,9.64
30.106363773345947,7.68
30.155521869659424,7.87
30.206233978271484,11.83
30.255886554718018,7.68
30.30613923072815,7.81
30.355942487716675,7.93
30.40610098838806,8.77
30.455916166305542,8.77
30.5060772895813,7.07
30.555963277816772,7.68
30.606120347976685,9.69
30.655988693237305,10.14
30.706196069717407,7.14
30.755934238433838,4.79
30.806106090545654,6.48
30.855942249298096,7.41
30.906105995178223,6.92
30.956112384796143,9.69
31.006272792816162,7.14
31.055877685546875,7.93
31.106035947799683,8.88
31.155853271484375,8.0
31.206035375595093,12.12
31.256075859069824,7.87
31.306244134902954,7.41
31.355925798416138,9.16
31.406102180480957,7.34
31.455981969833374,4.0
31.506139993667603,1.73
31.555978775024414,1.73
31.606143951416016,8.54
31.655946016311646,7.34
31.706120252609253,8.71
31.7561137676239,6.48
31.806269645690918,1.41
31.855974197387695,9.38
31.90619134902954,8.48
31.956209659576416,12.72
32.006322145462036,10.39
32.055988788604736,7.34
32.10614776611328,10.63
32.15587830543518,5.65
32.20605826377869,4.12
32.25593972206116,6.48
32.30610156059265,7.28
32.35605597496033,11.31
32.40623188018799,7.21
32.45598316192627,4.12
32.50614333152771,1.41
32.55596423149109,6.7
32.60612940788269,8.18
32.65597176551819,11.57
32.70614147186279,12.32
32.75593328475952,7.74
32.80608606338501,5.19
32.85598945617676,7.68
32.906150817871094,7.61
32.956130266189575,1.73
33.00628995895386,7.61
33.05598521232605,7.81
33.106197357177734,11.61
33.155961751937866,10.29
33.20614552497864,5.65
33.25604438781738,6.92
33.30624175071716,7.41
33.35587286949158,10.9
33.40605044364929,4.79
33.455570936203,8.0
33.505775690078735,8.3
33.5564124584198,7.87
33.60598826408386,6.16
33.65624642372131,9.69
33.705541133880615,1.73
33.75570034980774,8.83
33.80621314048767,7.0
33.855984926223755,5.74
33.90624237060547,9.48
33.95629620552063,2.64
34.0064480304718,8.71
34.05601668357849,7.28
34.106181144714355,6.08
34.155965089797974,1.73
34.206122159957886,7.54
34.25571370124817,6.63
34.305930852890015,4.58
34.35555076599121,2.64
34.40575289726257,1.73
34.45633029937744,9.0
34.50594735145569,8.42
34.55610418319702,8.88
34.60620450973511,9.94
34.65636157989502,4.58
34.70597457885742,11.44
34.7561411857605,11.26
34.80563735961914,13.11
34.85582184791565,9.94
34.90617656707764,6.24
34.956677198410034,6.0
35.005855321884155,7.28
35.05602741241455,10.72
35.105851888656616,11.13
35.15600228309631,5.74
35.20553278923035,4.79
35.255691051483154,1.73
35.30629849433899,1.73
35.35607147216797,1.73
35.40625524520874,8.36
35.456100940704346,9.38
35.506285190582275,3.46
35.555907249450684,1.41
35.60606265068054,6.85
35.6560754776001,6.78
35.706299781799316,7.54
35.756094455718994,6.7
35.806246280670166,12.16
35.85599899291992,7.07
35.906171798706055,5.19
35.956053733825684,7.34
36.00630044937134,8.54
36.05606508255005,8.88
36.10622453689575,12.2
36.156081199645996,8.48
36.20623421669006,7.07
36.255871057510376,10.39
36.306045055389404,1.73
36.3561487197876,12.4
36.406329870224,2.0
36.4559440612793,1.41
36.50611186027527,5.0
36.555723667144775,8.24
36.605884075164795,9.94
36.65639543533325,12.2
36.705923080444336,9.16
36.7561674118042,5.29
36.80624270439148,7.68
36.856398820877075,4.12
36.90597867965698,8.88
36.95645809173584,8.71
37.00593090057373,8.12
37.05612015724182,3.46
37.10597896575928,7.41
37.15613627433777,2.64
37.20565390586853,7.93
37.25581502914429,6.48
37.305768728256226,10.39
37.35593914985657,10.14
37.405576944351196,9.16
37.45573306083679,7.68
37.50583529472351,7.68
37.556007385253906,10.24
37.605727195739746,11.35
37.65591907501221,10.14
37.70574688911438,9.16
37.755908489227295,7.81
37.80647873878479,7.28
37.855989933013916,8.0
37.90624284744263,7.61
37.95628595352173,10.24
38.00646209716797,6.16
38.05598568916321,8.94
38.10615372657776,8.18
38.15580940246582,6.7
38.205963373184204,10.09
38.25643873214722,7.41
38.30562424659729,6.4
38.356327056884766,1.41
38.40566062927246,11.78
38.455814838409424,8.66
38.50623321533203,12.2
38.556392431259155,11.09
38.60598874092102,6.78
38.656160831451416,7.07
38.705973863601685,8.12
38.7561354637146,7.21
38.80569767951965,7.87
38.85589385032654,6.78
38.90565490722656,12.44
38.956098556518555,2.0
39.00560235977173,6.16
39.05576205253601,4.24
39.106327056884766,5.0
39.15592622756958,9.69
39.20617198944092,5.09
39.255695104599,10.24
39.305866718292236,7.28
39.356388568878174,9.38
39.406015396118164,7.74
39.45616936683655,2.44
39.50551438331604,9.32
39.555676221847534,7.28
39.60620975494385,4.0
39.65566825866699,5.91
39.70583248138428,3.31
39.75629925727844,10.29
39.805452823638916,5.65
39.856361627578735,5.38
39.90595865249634,7.41
39.95641469955444,13.71
40.00588035583496,1.73
40.05606484413147,5.83
40.10559105873108,11.83
40.15575861930847,9.0
40.20624661445618,9.53
40.25640344619751,5.47
40.30593228340149,7.41
40.356088638305664,8.12
40.405635356903076,10.29
40.45580720901489,1.73
40.506396770477295,3.74
40.555959701538086,8.83
40.60620641708374,8.3
40.655638217926025,8.77
40.705806255340576,7.34
40.75634288787842,6.24
40.80600619316101,10.04
40.85616612434387,11.61
40.90621852874756,1.41
40.956698179244995,9.59
41.00594687461853,2.44
41.0561146736145,5.0
41.10650396347046,3.74
41.15566420555115,1.73
41.20624899864197,4.24
41.255971908569336,8.36
41.30623006820679,11.31
41.35604667663574,7.61
41.40623474121094,5.91
41.456018686294556,1.41
41.506184577941895,7.54
41.55589032173157,10.04
41.60605239868164,5.19
41.65563440322876,6.63
41.7058379650116,3.6
41.756476163864136,10.0
41.806039810180664,10.72
41.85629987716675,9.89
41.9063081741333,8.18
41.95579695701599,5.65
42.005985498428345,6.55
42.0561420917511,8.6
42.106005907058716,6.63
42.15617871284485,6.7
42.20577597618103,7.41
42.25593829154968,5.47
42.30635714530945,2.44
42.35552000999451,2.64
42.40625762939453,1.73
42.45598006248474,8.88
42.506170988082886,14.35
42.555978775024414,12.4
42.606141567230225,9.27
42.65598750114441,6.08
42.70615792274475,9.74
42.75601124763489,7.07
42.80616760253906,7.28
42.85601878166199,9.48
42.90619421005249,6.4
42.956378698349,8.24
43.00551986694336,5.83
43.05628228187561,5.29
43.10602307319641,1.41
43.15617775917053,14.17
43.206279277801514,5.83
43.25644111633301,9.0
43.30603742599487,8.77
43.35620999336243,3.0
43.40596151351929,5.19
43.45612192153931,8.3
43.50566530227661,10.09
43.55582904815674,6.78
43.60633993148804,7.54
43.65599846839905,4.35
43.70616412162781,2.23
43.75599980354309,1.73
43.806156396865845,1.73
43.85605049133301,9.89
43.906232833862305,13.0
43.9562771320343,13.07
44.00640058517456,12.16
44.05598998069763,7.54
44.106149673461914,1.0
44.15577006340027,7.68
44.20592260360718,10.09
44.25630974769592,4.24
44.30549454689026,8.36
44.3564019203186,11.31
44.40596342086792,3.74
44.45612096786499,3.16
44.50637364387512,2.0
44.55553364753723,8.83
44.606271266937256,9.59
44.656006813049316,13.26
44.70616173744202,11.4
44.756386518478394,8.0
44.80553913116455,10.19
44.85643219947815,8.24
44.90604376792908,6.48
44.956509828567505,1.73
45.00602102279663,8.06
45.05617642402649,13.15
45.105923652648926,12.36
45.15609693527222,12.04
45.20560097694397,9.84
45.255760192871094,6.63
45.306312561035156,6.85
45.35600566864014,7.93
45.40628981590271,9.48
45.45642161369324,6.78
45.505656480789185,5.19
45.55643939971924,11.87
45.60604810714722,11.48
45.656227827072144,4.47
45.706058502197266,9.48
45.75622200965881,1.73
45.80602145195007,11.0
45.85620641708374,3.46
45.905665159225464,8.12
45.956104040145874,8.36
46.00649452209473,5.83
46.055670499801636,7.81
46.10631823539734,7.81
46.15603232383728,1.41
46.206188440322876,10.67
46.256370067596436,10.63
46.30553460121155,9.53
46.3564555644989,7.34
46.4060218334198,8.77
46.456180572509766,1.73
46.506059408187866,7.81
46.55621814727783,12.52
46.60602807998657,3.31
46.656201124191284,9.21
46.705750942230225,8.18
46.7559118270874,3.31
46.80642032623291,2.0
46.855586528778076,12.24
46.906288862228394,8.0
46.95633316040039,8.94
47.00645875930786,6.92
47.05637288093567,7.28
47.10553956031799,1.41
47.15628123283386,4.89
47.2056450843811,6.78
47.2558970451355,9.59
47.30634117126465,2.0
47.35550594329834,1.41
47.406288862228394,7.07
47.45601773262024,8.77
47.50626540184021,10.48
47.5562539100647,1.0
47.60641121864319,1.41
47.65603280067444,6.48
47.706188678741455,8.83
47.75579905509949,8.12
47.805949449539185,10.04
47.855629205703735,1.41
47.905815839767456,6.16
47.95667290687561,3.46
48.006030797958374,11.95
48.05618739128113,12.36
48.1060688495636,5.56
48.15622568130493,9.43
48.206021547317505,3.74
48.256192684173584,1.41
48.30610203742981,7.68
48.35625958442688,5.65
48.40603971481323,11.53
48.45619750022888,6.48
48.50608205795288,7.21
48.556251764297485,1.41
48.60607290267944,5.29
48.656230211257935,10.04
48.705668449401855,6.85
48.7558319568634,8.06
48.806396484375,12.64
48.85606861114502,6.63
48.90622425079346,13.03
48.9566113948822,3.31
49.00583291053772,10.86
49.056389808654785,1.41
49.106077432632446,9.53
49.15623497962952,2.64
49.20569944381714,9.48
49.25586295127869,7.68
49.30554223060608,3.87
49.355719327926636,4.12
49.40633034706116,5.65
49.45595836639404,9.0
49.506208658218384,6.7
49.55552625656128,8.94
49.60568618774414,2.0
49.65553402900696,2.0
49.705700635910034,8.48
49.75644063949585,7.41
49.80610799789429,8.77
49.85637140274048,6.78
49.90612578392029,10.14
49.95659112930298,6.0
50.00608515739441,8.6
50.05624198913574,10.19
50.105780601501465,7.68
50.155956983566284,8.36
50.206448554992676,2.82
50.2556095123291,11.66
50.3063759803772,7.14
50.35610604286194,5.83
50.406349420547485,6.16
50.456469774246216,2.0
50.50563383102417,6.0
50.5564398765564,10.58
50.606109857559204,8.66
50.656264543533325,7.0
50.70609712600708,7.0
50.75625729560852,1.41
50.80612921714783,8.06
50.85631585121155,4.0
50.906113386154175,11.4
50.95655560493469,12.96
51.006065130233765,1.41
51.05622673034668,9.16
51.1057493686676,9.53
51.15591049194336,6.48
51.20633554458618,2.0
51.255494832992554,2.0
51.3063006401062,8.48
51.35612344741821,7.07
51.40636849403381,10.0
51.455607414245605,4.58
51.505842208862305,4.89
51.55551838874817,6.32
51.60567569732666,7.14
51.656381607055664,8.66
51.706116676330566,4.0
51.756369829177856,1.73
51.80610275268555,4.79
51.8563015460968,11.83
51.90606760978699,12.04
51.95653033256531,6.92
52.00597047805786,3.6
52.05616879463196,9.94
52.106067180633545,5.19
52.15622615814209,1.73
52.205771923065186,1.41
52.2559552192688,6.55
52.30566906929016,4.79
52.35584568977356,7.34
52.406442165374756,8.3
52.456077337265015,6.85
52.50634789466858,7.21
52.555551290512085,8.94
52.605706453323364,8.42
52.65641117095947,7.41
52.706032276153564,9.94
52.75621509552002,7.74
52.80569386482239,10.14
52.8558623790741,11.87
52.90634083747864,12.44
52.955830335617065,5.29
53.00565314292908,11.57
53.055813789367676,10.53
53.10635304450989,8.71
53.156025886535645,7.61
53.20626187324524,5.0
53.25636386871338,3.16
53.30553483963013,2.44
53.355565309524536,2.82
53.40574288368225,7.54
53.45631742477417,5.56
53.506027698516846,6.08
53.556283950805664,7.41
53.60605764389038,8.36
53.65622639656067,7.87
53.705716609954834,3.46
53.75589895248413,1.73
53.80636787414551,2.23
53.855552673339844,2.0
53.90633940696716,8.3
53.95613145828247,11.74
54.006383180618286,12.52
54.056305170059204,10.63
54.1054744720459,4.0
54.15642166137695,1.41
54.206053733825684,13.19
54.25623321533203,12.4
54.306013107299805,11.26
54.356181383132935,6.78
54.405797719955444,8.94
54.45599675178528,9.27
54.505629777908325,8.06
54.55580186843872,4.0
54.60641312599182,7.48
54.6561861038208,6.48
54.70644235610962,9.21
54.756001234054565,7.07
54.80620574951172,6.92
54.855974197387695,5.0
54.90612816810608,13.19
54.956437826156616,12.2
55.00575089454651,9.94
55.055981159210205,10.53
55.10615158081055,7.34
55.15620827674866,7.41
55.206361055374146,1.0
55.256134271621704,4.24
55.306344747543335,4.47
55.35613441467285,12.48
55.406317472457886,8.42
55.45599317550659,7.54
55.50619196891785,8.48
55.55611443519592,10.67
55.60629463195801,8.94
55.65612745285034,12.32
55.70633339881897,11.61
55.75598669052124,1.41
55.8061683177948,7.74
55.856035232543945,12.68
55.90622901916504,1.73
55.9563512802124,9.38
56.00556516647339,8.71
56.05643343925476,2.23
56.106067180633545,13.52
56.15629816055298,10.14
56.206175565719604,2.0
56.2563636302948,12.0
56.30611276626587,7.81
56.35631585121155,1.41
56.40610074996948,1.73
56.45633101463318,4.58
56.50598645210266,9.74
56.556172609329224,8.06
56.60611867904663,2.44
56.65630388259888,7.07
56.705981731414795,8.3
56.75616979598999,2.23
56.80613565444946,9.27
56.856316566467285,6.7
56.906129121780396,8.94
56.956602334976196,9.0
57.00597071647644,1.41
57.056145429611206,4.35
57.10555291175842,8.66
57.15572762489319,7.81
57.20649814605713,9.16
57.25608491897583,6.48
57.30625009536743,7.81
57.35559701919556,2.82
57.40575671195984,9.38
57.45590925216675,8.94
57.50612449645996,9.38
57.55603003501892,4.69
57.60619640350342,4.79
57.65590858459473,10.29
57.7060980796814,6.7
57.75611758232117,3.87
57.80628561973572,12.72
57.85605025291443,2.23
57.90622401237488,10.95
57.95636749267578,9.69
58.00648856163025,7.21
58.05604290962219,5.19
58.10622239112854,10.95
58.15609264373779,1.73
58.20625972747803,5.56
58.25577163696289,1.41
58.30597972869873,4.24
58.35578727722168,9.94
58.4059739112854,1.73
58.45608973503113,6.92
58.50632071495056,9.38
58.55605411529541,2.23
58.60621738433838,5.83
58.6561222076416,2.23
58.70631790161133,12.48
58.75602173805237,7.34
58.806177377700806,1.41
58.85623073577881,7.68
58.90641450881958,5.19
58.956390380859375,1.41
59.005528688430786,8.54
59.05644083023071,9.38
59.10607957839966,3.87
59.15623140335083,11.35
59.205525636672974,1.73
59.25570487976074,8.42
59.306424140930176,4.35
59.35608267784119,8.71
59.40625762939453,4.24
59.45612621307373,10.86
59.50633001327515,5.0
59.55610013008118,4.12
59.606279373168945,7.0
59.65590524673462,5.91
59.706093072891235,9.53
59.75581216812134,9.27
59.80596303939819,12.56
59.855650901794434,8.83
59.90584468841553,8.54
59.95584678649902,7.68
