Time,Sensor,Steps
0.033715009689331055,1,0
0.08305764198303223,3,0
0.13344573974609375,3,0
0.1835768222808838,4,0
0.23332929611206055,3,0
0.283557653427124,3,0
0.33370041847229004,3,1
0.3828740119934082,2,1
0.4329216480255127,2,1
0.48310017585754395,3,1
0.5333352088928223,1,1
0.5835573673248291,4,1
0.6336548328399658,2,1
0.6834695339202881,2,1
0.7332775592803955,2,1
0.7834427356719971,4,1
0.8334496021270752,4,1
0.883636474609375,3,2
0.9338138103485107,3,2
0.9830002784729004,2,2
1.0332159996032715,3,2
1.0835261344909668,14,3
1.1337330341339111,20,3
1.1829488277435303,26,3
1.2335484027862549,29,3
1.283860445022583,35,3
1.333066701889038,36,3
1.382896900177002,39,4
1.4336471557617188,44,4
1.4829902648925781,48,4
1.5331954956054688,52,4
1.5832605361938477,56,4
1.6334457397460938,62,4
1.6832294464111328,64,4
1.7334167957305908,65,5
1.7832672595977783,71,5
1.8334667682647705,73,5
1.8832628726959229,78,5
1.9334518909454346,79,5
1.9832241535186768,83,5
2.033419370651245,86,5
2.0836760997772217,89,5
2.133256196975708,92,6
2.1832566261291504,95,6
2.2334468364715576,98,6
2.2833123207092285,105,6
2.333502769470215,105,6
2.3832614421844482,107,6
2.433436870574951,112,6
2.483269691467285,113,6
2.533456563949585,116,6
2.5837483406066895,120,7
2.633718490600586,123,7
2.6838126182556152,126,7
2.7336878776550293,128,7
2.783766984939575,130,7
2.8337254524230957,133,7
2.8837618827819824,136,7
2.93371844291687,137,7
2.9837775230407715,141,7
3.0334506034851074,146,7
3.083843231201172,149,8
3.134132146835327,151,8
3.182981491088867,154,8
3.232994556427002,157,8
3.2833287715911865,158,8
3.333510398864746,164,8
3.3897011280059814,165,8
3.4333200454711914,166,8
3.4835104942321777,169,8
3.5328686237335205,173,8
3.5835866928100586,175,9
3.63374662399292,177,9
3.6834123134613037,180,9
3.7335190773010254,182,9
3.7836596965789795,187,9
3.8332207202911377,187,9
3.8834147453308105,191,9
3.933203935623169,193,9
3.9833977222442627,193,9
4.03331184387207,197,9
4.083512783050537,200,9
4.133478164672852,202,10
4.183629035949707,206,10
4.23320460319519,208,10
4.283414840698242,211,10
4.333429574966431,213,10
4.383603572845459,216,10
4.433305025100708,220,10
4.483060121536255,221,10
4.5333027839660645,224,10
4.583484172821045,226,10
4.633378028869629,229,11
4.683597087860107,232,11
4.733320713043213,233,11
4.783492803573608,237,11
4.833347320556641,241,11
4.8835508823394775,241,11
4.9333765506744385,245,11
4.983560562133789,244,11
5.033589601516724,252,11
5.083795070648193,250,11
5.133552551269531,254,11
5.183733701705933,257,12
5.233330011367798,259,12
5.283545732498169,263,12
5.333314657211304,265,12
5.383498430252075,267,12
5.4333014488220215,269,12
5.483503341674805,272,12
5.533348083496094,273,12
5.5835487842559814,277,12
5.633344888687134,279,12
5.683533668518066,282,13
5.733255386352539,283,13
5.783448934555054,287,13
5.833384037017822,291,13
5.883578300476074,292,13
5.933276414871216,298,13
5.983474016189575,297,13
6.033653020858765,301,13
6.082957983016968,303,13
6.133806467056274,306,14
6.183185815811157,308,14
6.233353614807129,310,14
6.283238172531128,313,14
6.33341383934021,316,14
6.383265256881714,318,14
6.433466911315918,320,14
6.483268737792969,321,14
6.53344988822937,323,14
6.583308696746826,328,14
6.6334826946258545,330,15
6.683261394500732,332,15
6.733450174331665,334,15
6.783257484436035,339,15
6.833443641662598,340,15
6.883258819580078,342,15
6.933446645736694,345,15
6.983277082443237,345,15
7.033447265625,350,15
7.083657264709473,354,15
7.133178472518921,355,16
7.183293342590332,358,16
7.23347806930542,360,16
7.283283948898315,363,16
7.33350133895874,365,16
7.383246660232544,368,16
7.433442831039429,370,16
7.4832680225372314,373,16
7.533461570739746,375,16
7.583274602890015,379,16
7.633472681045532,381,17
7.683282375335693,384,17
7.733924627304077,387,17
7.783275842666626,389,17
7.833468914031982,391,17
7.883280992507935,393,17
7.93348240852356,397,17
7.983281135559082,396,17
8.03346586227417,400,17
8.083296775817871,404,17
8.133798360824585,406,18
8.183278560638428,409,18
8.233487367630005,411,18
8.283301591873169,414,18
8.333494663238525,415,18
8.383280754089355,418,18
8.433475017547607,422,18
8.48328948020935,421,18
8.533534049987793,427,18
8.583293437957764,429,18
8.633474349975586,431,19
8.683296918869019,435,19
8.733470439910889,436,19
8.783283472061157,439,19
8.833487272262573,442,19
8.883285760879517,445,19
8.933485269546509,446,19
8.983286380767822,450,19
9.033472299575806,452,19
9.083295345306396,455,19
9.133760213851929,456,20
9.183292865753174,458,20
9.23346734046936,461,20
9.283340215682983,464,20
9.333534479141235,467,20
9.383267879486084,469,20
9.433467864990234,471,20
9.483305215835571,472,20
9.533535480499268,476,20
9.583312511444092,479,20
9.6334867477417,481,21
9.683313608169556,483,21
9.7335045337677,487,21
9.783320665359497,489,21
9.83351182937622,491,21
9.883285522460938,494,21
9.933502197265625,495,21
9.983294248580933,501,21
10.03347897529602,503,21
10.083330154418945,503,21
10.13380765914917,507,21
10.183332443237305,509,22
10.233502388000488,512,22
10.283313274383545,515,22
10.33351731300354,517,22
10.383302211761475,518,22
10.433494567871094,527,22
10.483313083648682,532,22
10.53349757194519,535,22
10.583338260650635,540,23
10.633624076843262,539,23
10.683327198028564,543,23
10.733508348464966,544,23
10.783308029174805,545,23
10.833483934402466,548,23
10.88348937034607,550,23
10.933686256408691,553,23
10.983394861221313,552,23
11.033576965332031,556,23
11.083312034606934,560,23
11.133809089660645,562,24
11.183327436447144,564,24
11.23351502418518,565,24
11.283333778381348,567,24
11.333510637283325,571,24
11.383329629898071,573,24
11.433508157730103,575,24
11.483322858810425,577,24
11.53351640701294,577,24
11.583324670791626,581,24
11.633500814437866,583,24
11.683337926864624,585,25
11.733516931533813,589,25
11.783324003219604,591,25
11.833509683609009,593,25
11.883324384689331,596,25
11.933504581451416,599,25
11.98344111442566,599,25
12.033659934997559,602,25
12.083349704742432,605,25
12.13382339477539,605,25
12.183318853378296,609,25
12.233495473861694,612,25
12.283243656158447,616,26
12.333423852920532,617,26
12.38340449333191,618,26
12.433593273162842,623,26
12.483403444290161,625,26
12.533576488494873,626,26
12.583357095718384,630,26
12.63353681564331,633,26
12.683373928070068,634,26
12.73356556892395,636,26
12.78335165977478,639,26
12.833528518676758,642,27
12.883219718933105,644,27
12.93339991569519,645,27
12.983290433883667,648,27
13.033478260040283,651,27
13.083305597305298,655,27
13.133798122406006,655,27
13.183295488357544,657,27
13.23348331451416,660,27
13.28332257270813,661,27
13.333517074584961,666,27
13.38328242301941,668,28
13.433478593826294,670,28
13.483301639556885,673,28
13.53348994255066,674,28
13.583318948745728,678,28
13.633509159088135,680,28
13.683316707611084,682,28
13.733495712280273,685,28
13.783322811126709,687,28
13.83349871635437,690,28
13.883293628692627,692,28
13.933484077453613,694,29
13.983318328857422,697,29
14.033488512039185,698,29
14.083305835723877,701,29
14.133766174316406,702,29
14.18330693244934,705,29
14.233494997024536,707,29
14.283318996429443,710,29
14.333501100540161,710,29
14.383282661437988,710,29
14.433463335037231,712,29
14.483301639556885,714,29
14.53351616859436,717,29
14.58330225944519,718,29
14.633481502532959,720,29
14.683337926864624,720,30
14.733518600463867,724,30
14.783284425735474,723,30
14.833473920822144,723,30
14.883324384689331,726,30
14.933502435684204,725,30
14.98329210281372,728,30
15.033469915390015,726,30
15.083301782608032,726,30
15.133774280548096,726,30
15.183300256729126,726,30
15.233473062515259,727,30
15.283305644989014,727,30
15.333487033843994,728,30
15.383297681808472,727,30
15.433491230010986,727,30
15.483296632766724,726,30
15.533478021621704,726,30
15.58329963684082,728,30
15.63347840309143,728,30
15.683298349380493,727,30
15.733486890792847,726,30
15.783299684524536,726,30
15.833477258682251,726,30
15.883338212966919,725,30
15.933518171310425,727,30
15.9833345413208,728,30
16.033538103103638,724,30
16.083314418792725,723,29
16.13380002975464,722,29
16.18330407142639,721,29
16.23348379135132,720,29
16.283304929733276,718,29
16.33349633216858,717,29
16.383315801620483,716,29
16.433496475219727,717,29
16.48331642150879,715,29
16.53349232673645,712,29
16.583298921585083,711,29
16.6334867477417,711,29
16.6833393573761,711,29
16.73354148864746,709,29
16.783358335494995,709,29
16.833528757095337,710,29
16.88331365585327,709,29
16.93350052833557,708,29
16.983340740203857,707,29
17.033530235290527,706,29
17.083354949951172,706,29
17.133801460266113,707,29
17.18336844444275,707,29
17.233554124832153,705,29
17.283361434936523,705,29
17.33354091644287,705,29
17.383403062820435,706,29
17.433574199676514,705,29
17.483399391174316,705,29
17.5335853099823,705,29
17.583430290222168,704,29
17.633665323257446,704,29
17.683438777923584,703,29
17.733615398406982,704,29
17.78346610069275,703,29
17.833650588989258,702,29
17.883429765701294,702,29
17.93361806869507,703,29
17.98344588279724,703,29
18.033620357513428,703,29
18.083415985107422,703,29
18.1339430809021,703,29
18.183434009552002,701,29
18.23360514640808,703,29
18.283422708511353,703,29
18.33359718322754,702,29
18.38343644142151,702,29
18.433616638183594,702,29
18.48343324661255,703,29
18.533623695373535,700,29
18.5834379196167,702,29
18.633612871170044,702,29
18.683425426483154,700,29
18.733610153198242,700,29
18.783451557159424,702,29
18.83362579345703,701,29
18.88342523574829,701,29
18.93360686302185,700,29
18.983479499816895,701,29
19.033665657043457,700,29
19.083459854125977,700,29
19.133909225463867,700,29
19.18343234062195,698,29
19.23360586166382,700,29
19.283429622650146,700,29
19.333619356155396,701,29
19.383468866348267,700,29
19.433647632598877,700,29
19.483444929122925,701,29
19.53364396095276,700,29
19.583474159240723,701,29
19.633656978607178,701,29
19.683366775512695,701,29
19.73355507850647,701,29
19.783329963684082,701,29
19.8335063457489,700,29
19.883484363555908,701,29
19.933687925338745,700,29
19.983505725860596,700,29
20.033694982528687,699,29
20.083494186401367,700,29
20.133960723876953,702,29
20.183511972427368,700,29
20.233697414398193,701,29
20.28347373008728,700,29
20.333654165267944,700,29
20.383474349975586,700,29
20.43364977836609,700,29
20.48347282409668,701,29
20.53366208076477,702,29
20.583457946777344,700,29
20.633684396743774,700,29
20.68346405029297,701,29
20.733646392822266,700,29
20.783477783203125,701,29
20.83366346359253,700,29
20.883477449417114,701,29
20.93366813659668,700,29
20.983473539352417,697,29
21.03366446495056,701,29
21.083492040634155,700,29
21.13395595550537,700,29
21.183480978012085,701,29
21.233649730682373,700,29
21.283497095108032,699,29
21.333680629730225,701,29
21.38347029685974,700,29
21.43366241455078,700,29
21.483482837677002,698,29
21.533682584762573,700,29
21.583476781845093,698,29
21.63364863395691,697,29
21.68349027633667,696,29
21.73368000984192,696,29
21.78351140022278,695,29
21.833688735961914,694,29
21.883512020111084,693,29
21.93370270729065,692,29
21.98348903656006,691,29
22.033698081970215,686,29
22.083487033843994,686,29
22.133974075317383,682,29
22.18350338935852,680,29
22.233681201934814,676,29
22.283467054367065,673,29
22.33366107940674,667,29
22.38349199295044,662,29
22.433674812316895,661,29
22.4834988117218,659,29
22.533682346343994,660,29
22.58350706100464,657,30
22.63369846343994,656,30
22.683494806289673,653,30
22.733675718307495,651,30
22.78343439102173,650,31
22.83361268043518,641,31
22.88346242904663,641,31
22.93366813659668,640,32
22.983442544937134,635,32
23.03361701965332,636,32
23.083504915237427,637,33
23.133957386016846,635,33
23.183496236801147,629,34
23.233683586120605,620,34
23.283508777618408,603,35
23.33368945121765,593,35
23.3834969997406,583,36
23.433678150177002,572,37
23.48348331451416,571,38
23.533696174621582,579,38
23.58351755142212,596,39
23.6336932182312,617,40
23.683488368988037,633,40
23.73367190361023,647,41
23.783493280410767,659,41
23.833680152893066,669,42
23.88349723815918,683,42
23.933687686920166,692,42
23.983516693115234,699,43
24.03371024131775,704,43
24.08350944519043,709,43
24.134015321731567,713,43
24.183512449264526,713,43
24.23368740081787,722,44
24.283506393432617,729,44
24.333690404891968,733,44
24.383509874343872,737,44
24.433690786361694,742,44
24.483458280563354,742,44
24.53367519378662,749,45
24.583461046218872,749,45
24.633641004562378,752,45
24.683431148529053,755,45
24.733630180358887,756,45
24.783513069152832,757,45
24.83369207382202,759,45
24.883503198623657,760,45
24.933696508407593,759,45
24.983500003814697,761,45
25.03369450569153,761,45
25.083513259887695,758,45
25.133996963500977,760,45
25.183527946472168,760,45
25.233712434768677,761,45
25.28354811668396,760,45
25.333741664886475,761,45
25.383533716201782,761,45
25.43371319770813,760,45
25.48350167274475,757,45
25.533684492111206,755,45
25.583528757095337,751,45
25.633774518966675,750,44
25.683513402938843,750,44
25.73369002342224,746,44
25.783547163009644,745,44
25.83372473716736,739,44
25.883503675460815,739,44
25.933743238449097,736,44
25.983515739440918,733,44
26.03370499610901,732,44
26.083516120910645,732,44
26.13397479057312,728,44
26.183532238006592,727,44
26.23371982574463,726,43
26.283523321151733,725,43
26.333704710006714,721,43
26.383529901504517,723,43
26.433709621429443,723,43
26.483521461486816,722,43
26.533719539642334,719,43
26.583555221557617,719,43
26.63373637199402,719,43
26.683520555496216,716,43
26.733707904815674,716,43
26.783516883850098,712,43
26.833703994750977,715,43
26.883522033691406,714,43
26.93372106552124,712,43
26.983529090881348,713,43
27.033718824386597,711,43
27.083528518676758,710,43
27.134031295776367,710,43
27.18352484703064,709,43
27.233704805374146,708,43
27.2835214138031,709,43
27.333704471588135,709,43
27.38352346420288,708,43
27.433706283569336,707,43
27.483540058135986,707,43
27.533719301223755,707,43
27.583534002304077,707,43
27.633716344833374,706,43
27.683539390563965,706,43
27.73373579978943,706,43
27.78355360031128,704,43
27.83372974395752,705,43
27.883525848388672,705,43
27.933719396591187,704,43
27.983596563339233,704,43
28.03381657600403,704,43
28.083529710769653,704,43
28.133983850479126,703,43
28.18353509902954,705,43
28.23371648788452,703,43
28.28352403640747,703,43
28.33372211456299,703,43
28.383543014526367,703,43
28.433724880218506,704,43
28.48352813720703,704,43
28.533721446990967,703,42
28.583563566207886,702,42
28.633757829666138,703,42
28.683518409729004,704,42
28.733699560165405,706,42
28.783486127853394,713,42
28.833667993545532,724,42
28.883514642715454,728,42
28.933697938919067,729,42
28.983489751815796,738,41
29.033685207366943,747,41
29.083536624908447,747,41
29.134026527404785,751,40
29.18354821205139,763,40
29.233748197555542,765,40
29.283551931381226,768,39
29.33374810218811,771,39
29.383546113967896,775,38
29.43373203277588,778,38
29.483538389205933,780,37
29.533759593963623,780,37
29.58355712890625,780,36
29.633803844451904,772,35
29.68354368209839,768,35
29.7337327003479,761,35
29.78356409072876,746,34
29.833749294281006,736,34
29.883553981781006,729,34
29.933745861053467,721,33
29.983553171157837,716,33
30.03373384475708,716,33
30.08355474472046,715,33
30.134018659591675,714,33
30.183559894561768,705,33
30.233731508255005,699,33
30.28355360031128,690,32
30.333739280700684,685,32
30.38355016708374,680,32
30.433740854263306,677,32
30.483553409576416,672,32
30.53373670578003,669,32
30.583496570587158,663,31
30.633710145950317,663,31
30.683495044708252,660,31
30.733686685562134,658,31
30.7835054397583,656,31
30.83368730545044,653,31
30.883490562438965,653,31
30.93367624282837,652,31
30.98354458808899,649,31
31.03374481201172,651,31
31.08357572555542,648,31
31.134032487869263,650,31
31.183560848236084,650,31
31.233736753463745,650,31
31.283567428588867,650,31
31.333765268325806,651,31
31.383586168289185,651,31
31.43376874923706,651,31
31.483511447906494,651,31
31.533695697784424,650,31
31.58353090286255,651,31
31.633705377578735,651,31
31.683521270751953,651,31
31.73370051383972,652,31
31.78352975845337,656,31
31.83370876312256,657,31
31.88353657722473,660,31
31.933735847473145,662,32
31.983597993850708,665,32
32.03381061553955,667,32
32.08356022834778,667,32
32.134047985076904,670,32
32.18357825279236,672,32
32.233766317367554,673,32
32.28356599807739,674,32
32.33374905586243,675,32
32.38359808921814,677,32
32.43378162384033,677,32
32.48356556892395,679,32
32.5337610244751,680,32
32.58359408378601,682,32
32.63377642631531,681,32
32.68360948562622,683,32
32.733792781829834,684,32
32.78360438346863,685,32
32.833791971206665,686,32
32.88358497619629,684,32
32.93377900123596,687,33
32.98361778259277,687,33
33.03380084037781,687,33
33.0835485458374,688,33
33.13404726982117,688,33
33.183595418930054,690,33
33.23377299308777,690,33
33.28359127044678,690,33
33.33377480506897,692,33
33.38362908363342,693,33
33.43281173706055,690,33
33.48360466957092,693,33
33.53359127044678,693,33
33.58377504348755,694,33
33.63365888595581,694,33
33.682857513427734,693,33
33.73356604576111,694,33
33.7835431098938,695,33
33.83280324935913,695,33
33.88359260559082,695,33
33.93369746208191,695,33
33.98300385475159,695,33
34.03347730636597,697,33
34.08366012573242,697,33
34.133936166763306,696,33
34.183199882507324,695,33
34.233665466308594,698,33
34.28284001350403,698,33
34.333577394485474,696,33
34.3837366104126,697,33
34.43300175666809,697,33
34.483558654785156,696,33
34.53362512588501,697,33
34.58291172981262,698,33
34.633004903793335,698,33
34.683223724365234,699,33
34.73358154296875,697,33
34.78376054763794,699,33
34.833616733551025,698,33
34.8837947845459,698,33
34.933603048324585,698,33
34.98379111289978,699,33
35.033517599105835,699,33
35.08369779586792,699,33
35.13396668434143,700,33
35.18329620361328,700,33
35.23354768753052,700,33
35.28373408317566,699,33
35.333569288253784,701,33
35.383748054504395,699,33
35.43354558944702,699,33
35.483718395233154,701,33
35.53365421295166,699,33
35.58283996582031,700,33
35.63361883163452,700,33
35.68359565734863,701,33
35.73285388946533,698,33
35.7835009098053,700,33
35.833534240722656,698,33
35.88380408287048,700,33
35.93354821205139,699,33
35.98376250267029,700,33
36.03355097770691,701,33
36.08373999595642,699,33
36.133997678756714,699,33
36.1832914352417,699,33
36.23357820510864,700,33
36.28376746177673,700,33
36.333558320999146,700,33
36.3837308883667,699,33
36.43355917930603,701,33
36.48373317718506,699,33
36.533658266067505,700,33
36.582847118377686,700,33
36.633596897125244,700,33
36.68359136581421,699,33
36.732850074768066,699,33
36.78352952003479,700,33
36.83354711532593,699,33
36.88282227516174,699,33
36.933576583862305,700,33
36.98353981971741,699,33
37.03383684158325,700,33
37.08352780342102,699,33
37.13402986526489,697,33
37.18356418609619,699,33
37.23375177383423,699,33
37.283562660217285,699,33
37.333781480789185,696,33
37.383564472198486,689,34
37.43376111984253,680,34
37.48356032371521,674,34
37.533753871917725,672,34
37.58356738090515,666,34
37.63376784324646,663,35
37.68355870246887,656,35
37.73376178741455,655,35
37.7835955619812,648,35
37.83378458023071,643,36
37.883564472198486,639,36
37.93379068374634,630,37
37.98355317115784,627,37
38.033738136291504,621,38
38.083584785461426,614,38
38.13404822349548,611,39
38.18356776237488,608,40
38.233776569366455,608,40
38.28358221054077,606,41
38.33377456665039,605,42
38.38355851173401,605,42
38.43375635147095,612,43
38.48356008529663,631,44
38.53378748893738,645,44
38.58357119560242,656,45
38.633760929107666,668,45
38.683571100234985,677,46
38.7337703704834,690,46
38.783567905426025,690,46
38.8337664604187,701,46
38.88355779647827,710,47
38.93378782272339,710,47
38.9836266040802,719,47
39.03284025192261,723,47
39.08363151550293,727,47
39.13385462760925,734,48
39.183032274246216,737,48
39.23363018035889,740,48
39.283594369888306,745,48
39.33285212516785,747,48
39.38361358642578,749,48
39.43356275558472,751,48
39.48282527923584,752,48
39.53365731239319,755,48
39.5836226940155,756,48
39.63288116455078,757,49
39.683549642562866,757,49
39.73361015319824,758,49
39.78297996520996,758,49
39.83360767364502,758,49
39.8835654258728,758,49
39.93283748626709,758,49
39.983642578125,757,49
40.033570766448975,757,49
40.082839488983154,758,49
40.13385081291199,756,48
40.18357539176941,758,48
40.23283672332764,758,48
40.28357553482056,756,48
40.333574056625366,753,48
40.382848501205444,753,48
40.43355703353882,750,48
40.48356366157532,748,48
40.532827615737915,746,48
40.583532094955444,743,48
40.63358759880066,740,48
40.682884216308594,737,48
40.73359251022339,735,48
40.7835750579834,733,47
40.832833766937256,731,47
40.883588790893555,730,47
40.93360209465027,730,47
40.98287510871887,727,47
41.03349018096924,726,47
41.083606004714966,724,47
41.133174657821655,723,47
41.18355083465576,720,47
41.23374390602112,721,47
41.283623695373535,720,47
41.33283185958862,718,47
41.383541107177734,718,47
41.433626890182495,717,47
41.4828245639801,716,47
41.533594608306885,716,47
41.58363652229309,714,47
41.632906436920166,714,47
41.68357872962952,712,47
41.73361778259277,712,47
41.78290128707886,712,47
41.833678245544434,709,47
41.8836236000061,711,47
41.93292689323425,709,47
41.9836106300354,709,46
42.0336058139801,709,46
42.082966327667236,708,46
42.13389468193054,708,46
42.18360209465027,706,46
42.23287081718445,707,46
42.28357911109924,706,46
42.33358383178711,706,46
42.38283562660217,704,46
42.433616161346436,706,46
42.483598947525024,707,46
42.53286957740784,707,46
42.583587884902954,706,46
42.63356900215149,706,46
42.68282341957092,706,46
42.73360300064087,706,46
42.78360414505005,704,46
42.83288550376892,705,46
42.883620500564575,705,46
42.93361282348633,702,46
42.98288679122925,703,46
43.03358554840088,705,46
43.083592653274536,704,46
43.13317131996155,703,46
43.18361687660217,704,46
43.23381471633911,704,46
43.283615589141846,703,46
43.333818435668945,703,46
43.38361668586731,701,46
43.43382000923157,703,46
43.48360586166382,702,46
43.53380632400513,704,46
43.58363080024719,702,46
43.63281869888306,701,46
43.68361210823059,701,46
43.73361945152283,702,46
43.783788442611694,702,46
43.83355212211609,701,46
43.88373303413391,701,46
43.93360996246338,700,46
43.983814001083374,701,46
44.03374624252319,701,46
44.0829291343689,702,46
44.13394737243652,701,46
44.1836154460907,702,46
44.232879638671875,700,46
44.28360152244568,702,46
44.333590269088745,701,46
44.38286828994751,701,46
44.433626651763916,700,46
44.48360466957092,700,46
44.5329053401947,699,46
44.58362817764282,700,46
44.633626222610474,701,46
44.68289303779602,700,46
44.733598709106445,700,46
44.78358221054077,701,46
44.83283734321594,700,46
44.88358449935913,700,46
44.93362879753113,700,46
44.98290514945984,700,46
45.03364109992981,699,46
45.08360719680786,699,46
45.133161306381226,700,46
45.18367648124695,700,46
45.23361587524414,699,46
45.282874584198,701,46
45.333606243133545,701,46
45.38359880447388,701,46
45.43285799026489,704,46
45.483593225479126,709,46
45.533636808395386,725,46
45.582903146743774,734,45
45.6336989402771,740,45
45.68364596366882,748,45
45.732906341552734,748,45
45.783716678619385,749,44
45.83371615409851,761,44
45.883004903793335,773,43
45.93369245529175,789,43
45.983630657196045,796,42
46.032896280288696,810,42
46.083672285079956,811,41
46.13394379615784,821,40
46.183340072631836,823,39
46.23365116119385,827,39
46.28282904624939,834,38
46.33371305465698,833,37
46.38364839553833,833,36
46.43290615081787,831,35
46.48370814323425,833,34
46.53368091583252,833,33
46.58294916152954,819,32
46.633705854415894,799,31
46.683666467666626,772,30
46.7329261302948,748,29
46.783687353134155,733,29
46.8336660861969,723,28
46.8829288482666,704,28
46.933682680130005,692,27
46.98365569114685,681,27
47.03295826911926,673,27
47.083696365356445,666,26
47.13397669792175,658,26
47.18337607383728,652,26
47.23365807533264,642,25
47.28284001350403,637,25
47.3336660861969,634,25
47.383657932281494,632,25
47.432915925979614,626,25
47.48374676704407,625,25
47.53370141983032,623,25
47.58297562599182,619,25
47.63372611999512,619,24
47.68368411064148,617,24
47.73293685913086,615,24
47.78374123573303,617,24
47.83370876312256,617,24
47.88297700881958,617,24
47.93376040458679,617,24
47.983752727508545,618,24
48.03299856185913,617,24
48.08376717567444,617,25
48.1339750289917,618,25
48.183509826660156,620,25
48.2337064743042,622,25
48.28288912773132,622,25
48.3337242603302,626,25
48.38324046134949,630,25
48.43375873565674,635,25
48.483017683029175,633,25
48.53330183029175,641,25
48.58328080177307,643,26
48.63359713554382,645,26
48.68289303779602,648,26
48.7330424785614,650,26
48.78369450569153,654,26
48.8335747718811,656,26
48.88279414176941,655,26
48.9334716796875,658,26
48.983506202697754,661,26
49.033740758895874,664,26
49.08349871635437,665,26
49.13389182090759,667,27
49.183491230010986,669,27
49.23363518714905,671,27
49.28349280357361,674,27
49.33366060256958,674,27
49.3834867477417,676,27
49.43362879753113,676,27
49.48349356651306,676,27
49.53368806838989,678,27
49.58348107337952,679,27
49.63365077972412,681,27
49.68350672721863,680,27
49.73365330696106,680,27
49.783509969711304,684,27
49.833648443222046,686,27
49.88351845741272,685,27
49.93369793891907,686,27
49.98349452018738,685,27
50.03364133834839,687,27
50.083698749542236,689,27
50.13314938545227,688,27
50.18351984024048,688,27
50.23366975784302,686,27
50.28349733352661,690,27
50.333645820617676,691,27
50.383495569229126,690,27
50.433640241622925,691,27
50.483508586883545,692,28
50.53366732597351,691,28
50.583558797836304,693,28
50.633724212646484,693,28
50.68350791931152,693,28
50.733649015426636,694,28
50.78349280357361,694,28
50.83369541168213,694,28
50.883498430252075,695,28
50.93366193771362,694,28
50.983431816101074,696,28
51.03357720375061,694,28
51.08348274230957,695,28
51.13390064239502,698,28
51.183485984802246,696,28
51.23404550552368,695,28
51.28345704078674,697,28
51.33359694480896,695,28
51.383482933044434,698,28
51.43365144729614,698,28
51.48346543312073,697,28
51.533610105514526,697,28
51.583455324172974,697,28
51.63359451293945,698,28
51.683457374572754,695,28
51.7336106300354,697,28
51.78345441818237,697,28
51.83359408378601,700,28
51.88350176811218,700,28
51.93365263938904,698,28
51.9835638999939,698,28
52.03376650810242,698,28
52.083497285842896,698,28
52.13389849662781,697,28
52.18346166610718,699,28
52.23289203643799,698,28
52.28348922729492,697,28
52.33349132537842,699,28
52.38365817070007,699,28
52.43348979949951,698,28
52.48363995552063,700,28
52.5335111618042,700,28
52.58367586135864,700,28
52.63356828689575,700,28
52.683736085891724,698,28
52.73347997665405,699,28
52.783628940582275,699,28
52.83350205421448,700,28
52.883649826049805,699,28
52.93386125564575,699,28
52.983023166656494,701,28
53.03348994255066,701,28
53.08346366882324,700,28
53.13393950462341,699,28
53.183502435684204,699,28
53.233646392822266,699,28
53.283509254455566,700,28
53.33365058898926,700,28
53.38348388671875,699,28
53.43363881111145,700,28
53.48360514640808,699,28
53.533807039260864,698,28
53.58362030982971,700,28
53.63379383087158,700,28
53.68359708786011,701,28
53.73378372192383,700,28
53.7836811542511,699,28
53.832855224609375,700,28
53.883612871170044,699,28
53.93367648124695,700,28
53.98295855522156,700,28
54.03363084793091,699,28
54.08360528945923,700,28
54.13314342498779,699,28
54.18359875679016,699,28
54.23378658294678,700,28
54.283610343933105,700,28
54.3337881565094,700,28
54.383629322052,699,28
54.432820320129395,699,28
54.48363757133484,699,28
54.53378248214722,701,28
54.583120346069336,701,28
54.633665561676025,700,28
54.68288254737854,702,28
54.733657121658325,706,28
54.78362774848938,708,28
54.83288073539734,708,28
54.883602142333984,709,28
54.933637380599976,708,28
54.98293423652649,710,28
55.03361511230469,708,28
55.08361077308655,709,28
55.13315463066101,709,28
55.18361139297485,709,28
55.23378825187683,709,28
55.28362441062927,710,28
55.33279585838318,712,28
55.38365316390991,713,28
55.4336359500885,713,28
55.48282432556152,712,28
55.53364706039429,712,28
55.58364772796631,712,28
55.632896184921265,713,28
55.683659076690674,711,28
55.733691692352295,712,28
55.782968044281006,713,28
55.83364391326904,714,28
55.88367486000061,713,28
55.932926416397095,712,28
55.98377299308777,714,28
56.03368878364563,713,28
56.08298444747925,713,28
56.134013652801514,713,28
56.18366289138794,713,28
56.232906103134155,710,28
56.28364539146423,714,28
56.333701372146606,712,28
56.38298177719116,713,28
56.433677196502686,714,28
56.48362994194031,711,28
56.532883167266846,713,28
56.58369731903076,713,28
56.63370323181152,713,28
56.68298649787903,713,28
56.73371648788452,712,28
56.783719062805176,713,28
56.83296275138855,712,28
56.88369297981262,715,28
56.93372130393982,713,28
56.98300790786743,713,28
57.033716917037964,713,28
57.08369326591492,713,28
57.13319706916809,713,28
57.18371510505676,712,28
57.23371243476868,713,28
57.28298354148865,713,28
57.33373808860779,711,28
57.38373422622681,714,28
57.43299174308777,712,28
57.48367428779602,708,28
57.53370404243469,709,28
57.582980155944824,708,28
57.63379430770874,707,28
57.68370866775513,707,28
57.73295450210571,706,28
57.78373980522156,705,28
57.83368802070618,705,28
57.88296461105347,706,28
57.933751344680786,705,28
57.9837429523468,704,28
58.03298211097717,703,28
58.08375096321106,705,28
58.13411569595337,704,28
58.18346309661865,704,28
58.23374700546265,703,28
58.2829532623291,704,28
58.33374285697937,703,28
58.38375163078308,703,28
58.43301749229431,705,28
58.48371887207031,702,28
58.53374433517456,703,28
58.58303236961365,703,28
58.63375973701477,701,28
58.68361854553223,704,28
58.73286771774292,703,28
58.783738136291504,702,28
58.83374261856079,703,28
58.8830292224884,702,28
58.93380093574524,702,28
58.983768463134766,701,28
59.033039808273315,700,28
59.08373785018921,698,28
59.13402271270752,699,28
59.183305978775024,696,28
59.233789682388306,687,28
59.28297829627991,666,28
59.33377289772034,647,28
59.383766651153564,633,28
59.43301749229431,609,28
59.483718156814575,590,29
59.53378438949585,571,29
59.58308219909668,564,30
59.63379144668579,553,31
59.683775186538696,549,32
59.733025789260864,546,32
59.783753871917725,547,33
59.83378553390503,559,34
59.88306021690369,566,35
59.93379998207092,584,35
59.98378229141235,601,36
